"npo.id","npo.name","yr","link.add","input","review","n.yr"
"npo0004","中華民國愛加倍社會福利關懷協會",2009,4,"","",6
"npo0004","中華民國愛加倍社會福利關懷協會",2010,4,"","",6
"npo0004","中華民國愛加倍社會福利關懷協會",2011,4,"","",6
"npo0004","中華民國愛加倍社會福利關懷協會",2012,4,"","",6
"npo0004","中華民國愛加倍社會福利關懷協會",2013,4,"","",6
"npo0004","中華民國愛加倍社會福利關懷協會",2014,4,"","",6
"npo0024","平安社會福利慈善事業基金會",2006,24,"","",9
"npo0024","平安社會福利慈善事業基金會",2007,24,"","",9
"npo0024","平安社會福利慈善事業基金會",2008,24,"","",9
"npo0024","平安社會福利慈善事業基金會",2009,24,"","",9
"npo0024","平安社會福利慈善事業基金會",2010,24,"","",9
"npo0024","平安社會福利慈善事業基金會",2011,24,"","",9
"npo0024","平安社會福利慈善事業基金會",2012,24,"","",9
"npo0024","平安社會福利慈善事業基金會",2013,24,"","",9
"npo0024","平安社會福利慈善事業基金會",2014,24,"","",9
"npo0028","中華社會福利聯合勸募協會",2006,28,"","",9
"npo0028","中華社會福利聯合勸募協會",2007,28,"","",9
"npo0028","中華社會福利聯合勸募協會",2008,28,"","",9
"npo0028","中華社會福利聯合勸募協會",2009,28,"","",9
"npo0028","中華社會福利聯合勸募協會",2010,28,"","",9
"npo0028","中華社會福利聯合勸募協會",2011,28,"","",9
"npo0028","中華社會福利聯合勸募協會",2012,28,"","",9
"npo0028","中華社會福利聯合勸募協會",2013,28,"","",9
"npo0028","中華社會福利聯合勸募協會",2014,28,"","",9
"npo0052","社團法人台灣婦女展業協會",2012,52,"","",3
"npo0052","社團法人台灣婦女展業協會",2013,52,"","",3
"npo0052","社團法人台灣婦女展業協會",2014,52,"","",3
"npo0060","華山社會福利慈善事業基金會",2013,60,"","",2
"npo0060","華山社會福利慈善事業基金會",2014,60,"","",2
"npo0076","台北市八頭里仁協會",2009,76,"","",5
"npo0076","台北市八頭里仁協會",2010,76,"","",5
"npo0076","台北市八頭里仁協會",2011,76,"","",5
"npo0076","台北市八頭里仁協會",2012,76,"","",5
"npo0076","台北市八頭里仁協會",2013,76,"","",5
"npo0086","財團法人弘道老人福利基金會",2007,86,"","",8
"npo0086","財團法人弘道老人福利基金會",2008,86,"","",8
"npo0086","財團法人弘道老人福利基金會",2009,86,"","",8
"npo0086","財團法人弘道老人福利基金會",2010,86,"","",8
"npo0086","財團法人弘道老人福利基金會",2011,86,"","",8
"npo0086","財團法人弘道老人福利基金會",2012,86,"","",8
"npo0086","財團法人弘道老人福利基金會",2013,86,"","",8
"npo0086","財團法人弘道老人福利基金會",2014,86,"","",8
"npo0089","台灣彩虹原住民關懷協會",2007,89,"","",8
"npo0089","台灣彩虹原住民關懷協會",2008,89,"","",8
"npo0089","台灣彩虹原住民關懷協會",2009,89,"","",8
"npo0089","台灣彩虹原住民關懷協會",2010,89,"","",8
"npo0089","台灣彩虹原住民關懷協會",2011,89,"","",8
"npo0089","台灣彩虹原住民關懷協會",2012,89,"","",8
"npo0089","台灣彩虹原住民關懷協會",2013,89,"","",8
"npo0089","台灣彩虹原住民關懷協會",2014,89,"","",8
"npo0105","財團法人台灣省私立心德慈化教養院",2013,105,"","",2
"npo0105","財團法人台灣省私立心德慈化教養院",2014,105,"","",2
"npo0124","社團法人中華民國荒野保護協會",2006,124,"","",9
"npo0124","社團法人中華民國荒野保護協會",2007,124,"","",9
"npo0124","社團法人中華民國荒野保護協會",2008,124,"","",9
"npo0124","社團法人中華民國荒野保護協會",2009,124,"","",9
"npo0124","社團法人中華民國荒野保護協會",2010,124,"","",9
"npo0124","社團法人中華民國荒野保護協會",2011,124,"","",9
"npo0124","社團法人中華民國荒野保護協會",2012,124,"","",9
"npo0124","社團法人中華民國荒野保護協會",2013,124,"","",9
"npo0124","社團法人中華民國荒野保護協會",2014,124,"","",9
"npo0148","社團法人中華民國得勝者教育協會",2007,148,"","",8
"npo0148","社團法人中華民國得勝者教育協會",2008,148,"","",8
"npo0148","社團法人中華民國得勝者教育協會",2009,148,"","",8
"npo0148","社團法人中華民國得勝者教育協會",2010,148,"","",8
"npo0148","社團法人中華民國得勝者教育協會",2011,148,"","",8
"npo0148","社團法人中華民國得勝者教育協會",2012,148,"","",8
"npo0148","社團法人中華民國得勝者教育協會",2013,148,"","",8
"npo0148","社團法人中華民國得勝者教育協會",2014,148,"","",8
"npo0156","財團法人桃園縣私立寶貝潛能發展中心",2012,156,"","",3
"npo0156","財團法人桃園縣私立寶貝潛能發展中心",2013,156,"","",3
"npo0156","財團法人桃園縣私立寶貝潛能發展中心",2014,156,"","",3
"npo0161","社團法人台灣失智症協會",2012,161,"","",3
"npo0161","社團法人台灣失智症協會",2013,161,"","",3
"npo0161","社團法人台灣失智症協會",2014,161,"","",3
"npo0164","財團法人台北市敦安社會福利基金會",2006,164,"","",9
"npo0164","財團法人台北市敦安社會福利基金會",2007,164,"","",9
"npo0164","財團法人台北市敦安社會福利基金會",2008,164,"","",9
"npo0164","財團法人台北市敦安社會福利基金會",2009,164,"","",9
"npo0164","財團法人台北市敦安社會福利基金會",2010,164,"","",9
"npo0164","財團法人台北市敦安社會福利基金會",2011,164,"","",9
"npo0164","財團法人台北市敦安社會福利基金會",2012,164,"","",9
"npo0164","財團法人台北市敦安社會福利基金會",2013,164,"","",9
"npo0164","財團法人台北市敦安社會福利基金會",2014,164,"","",9
"npo0184","社團法人台灣基地協會",2013,184,"","",2
"npo0184","社團法人台灣基地協會",2014,184,"","",2
"npo0199","桃園市私立仁友愛心家園",2006,199,"","",9
"npo0199","桃園市私立仁友愛心家園",2007,199,"","",9
"npo0199","桃園市私立仁友愛心家園",2008,199,"","",9
"npo0199","桃園市私立仁友愛心家園",2009,199,"","",9
"npo0199","桃園市私立仁友愛心家園",2010,199,"","",9
"npo0199","桃園市私立仁友愛心家園",2011,199,"","",9
"npo0199","桃園市私立仁友愛心家園",2012,199,"","",9
"npo0199","桃園市私立仁友愛心家園",2013,199,"","",9
"npo0199","桃園市私立仁友愛心家園",2014,199,"","",9
"npo0242","社團法人中華安得烈慈善協會",2011,242,"","",4
"npo0242","社團法人中華安得烈慈善協會",2012,242,"","",4
"npo0242","社團法人中華安得烈慈善協會",2013,242,"","",4
"npo0242","社團法人中華安得烈慈善協會",2014,242,"","",4
"npo0260","罕見疾病基金會",2006,260,"","",9
"npo0260","罕見疾病基金會",2007,260,"","",9
"npo0260","罕見疾病基金會",2008,260,"","",9
"npo0260","罕見疾病基金會",2009,260,"","",9
"npo0260","罕見疾病基金會",2010,260,"","",9
"npo0260","罕見疾病基金會",2011,260,"","",9
"npo0260","罕見疾病基金會",2012,260,"","",9
"npo0260","罕見疾病基金會",2013,260,"","",9
"npo0260","罕見疾病基金會",2014,260,"","",9
"npo0267","財團法人台灣癌症基金會",2006,267,"","",9
"npo0267","財團法人台灣癌症基金會",2007,267,"","",9
"npo0267","財團法人台灣癌症基金會",2008,267,"","",9
"npo0267","財團法人台灣癌症基金會",2009,267,"","",9
"npo0267","財團法人台灣癌症基金會",2010,267,"","",9
"npo0267","財團法人台灣癌症基金會",2011,267,"","",9
"npo0267","財團法人台灣癌症基金會",2012,267,"","",9
"npo0267","財團法人台灣癌症基金會",2013,267,"","",9
"npo0267","財團法人台灣癌症基金會",2014,267,"","",9
"npo0280","財團法人中華民國(台灣)安寧照顧基金會",2009,280,"","",6
"npo0280","財團法人中華民國(台灣)安寧照顧基金會",2010,280,"","",6
"npo0280","財團法人中華民國(台灣)安寧照顧基金會",2011,280,"","",6
"npo0280","財團法人中華民國(台灣)安寧照顧基金會",2012,280,"","",6
"npo0280","財團法人中華民國(台灣)安寧照顧基金會",2013,280,"","",6
"npo0280","財團法人中華民國(台灣)安寧照顧基金會",2014,280,"","",6
"npo0297","天主教失智老人社會福利基金會",2011,297,"","",4
"npo0297","天主教失智老人社會福利基金會",2012,297,"","",4
"npo0297","天主教失智老人社會福利基金會",2013,297,"","",4
"npo0297","天主教失智老人社會福利基金會",2014,297,"","",4
"npo0302","財團法人聖島社會福利慈善基金會",2013,302,"","",2
"npo0302","財團法人聖島社會福利慈善基金會",2014,302,"","",2
"npo0310","台灣展翅協會",2006,310,"","",9
"npo0310","台灣展翅協會",2007,310,"","",9
"npo0310","台灣展翅協會",2008,310,"","",9
"npo0310","台灣展翅協會",2009,310,"","",9
"npo0310","台灣展翅協會",2010,310,"","",9
"npo0310","台灣展翅協會",2011,310,"","",9
"npo0310","台灣展翅協會",2012,310,"","",9
"npo0310","台灣展翅協會",2013,310,"","",9
"npo0310","台灣展翅協會",2014,310,"","",9
"npo0329","真善美啟能發展中心",2006,329,"","",9
"npo0329","真善美啟能發展中心",2007,329,"","",9
"npo0329","真善美啟能發展中心",2008,329,"","",9
"npo0329","真善美啟能發展中心",2009,329,"","",9
"npo0329","真善美啟能發展中心",2010,329,"","",9
"npo0329","真善美啟能發展中心",2011,329,"","",9
"npo0329","真善美啟能發展中心",2012,329,"","",9
"npo0329","真善美啟能發展中心",2013,329,"","",9
"npo0329","真善美啟能發展中心",2014,329,"","",9
"npo0334","台南市樂扶社會福利慈善事業基金會",2014,334,"","",1
"npo0338","財團法人屏東縣私立畢嘉士社會福利基金會",2013,338,"","",2
"npo0338","財團法人屏東縣私立畢嘉士社會福利基金會",2014,338,"","",2
"npo0359","洪建全教育文化基金會",2006,359,"","",9
"npo0359","洪建全教育文化基金會",2007,359,"","",9
"npo0359","洪建全教育文化基金會",2008,359,"","",9
"npo0359","洪建全教育文化基金會",2009,359,"","",9
"npo0359","洪建全教育文化基金會",2010,359,"","",9
"npo0359","洪建全教育文化基金會",2011,359,"","",9
"npo0359","洪建全教育文化基金會",2012,359,"","",9
"npo0359","洪建全教育文化基金會",2013,359,"","",9
"npo0359","洪建全教育文化基金會",2014,359,"","",9
"npo0375","中華民國聲暉聯合會",2006,375,"","",9
"npo0375","中華民國聲暉聯合會",2007,375,"","",9
"npo0375","中華民國聲暉聯合會",2008,375,"","",9
"npo0375","中華民國聲暉聯合會",2009,375,"","",9
"npo0375","中華民國聲暉聯合會",2010,375,"","",9
"npo0375","中華民國聲暉聯合會",2011,375,"","",9
"npo0375","中華民國聲暉聯合會",2012,375,"","",9
"npo0375","中華民國聲暉聯合會",2013,375,"","",9
"npo0375","中華民國聲暉聯合會",2014,375,"","",9
"npo0380","社團法人中華民國瑪納有機文化生活促進會",2011,380,"","",4
"npo0380","社團法人中華民國瑪納有機文化生活促進會",2012,380,"","",4
"npo0380","社團法人中華民國瑪納有機文化生活促進會",2013,380,"","",4
"npo0380","社團法人中華民國瑪納有機文化生活促進會",2014,380,"","",4
"npo0406","中華民國紅十字會總會",2007,406,"","",8
"npo0406","中華民國紅十字會總會",2008,406,"","",8
"npo0406","中華民國紅十字會總會",2009,406,"","",8
"npo0406","中華民國紅十字會總會",2010,406,"","",8
"npo0406","中華民國紅十字會總會",2011,406,"","",8
"npo0406","中華民國紅十字會總會",2012,406,"","",8
"npo0406","中華民國紅十字會總會",2013,406,"","",8
"npo0406","中華民國紅十字會總會",2014,406,"","",8
"npo0414","財團法人喜憨兒社會福利基金會",2006,414,"","",9
"npo0414","財團法人喜憨兒社會福利基金會",2007,414,"","",9
"npo0414","財團法人喜憨兒社會福利基金會",2008,414,"","",9
"npo0414","財團法人喜憨兒社會福利基金會",2009,414,"","",9
"npo0414","財團法人喜憨兒社會福利基金會",2010,414,"","",9
"npo0414","財團法人喜憨兒社會福利基金會",2011,414,"","",9
"npo0414","財團法人喜憨兒社會福利基金會",2012,414,"","",9
"npo0414","財團法人喜憨兒社會福利基金會",2013,414,"","",9
"npo0414","財團法人喜憨兒社會福利基金會",2014,414,"","",9
"npo0421","財團法人台中市私立張秀菊社會福利慈善事業基金會",2008,421,"","",7
"npo0421","財團法人台中市私立張秀菊社會福利慈善事業基金會",2009,421,"","",7
"npo0421","財團法人台中市私立張秀菊社會福利慈善事業基金會",2010,421,"","",7
"npo0421","財團法人台中市私立張秀菊社會福利慈善事業基金會",2011,421,"","",7
"npo0421","財團法人台中市私立張秀菊社會福利慈善事業基金會",2012,421,"","",7
"npo0421","財團法人台中市私立張秀菊社會福利慈善事業基金會",2013,421,"","",7
"npo0421","財團法人台中市私立張秀菊社會福利慈善事業基金會",2014,421,"","",7
"npo0423","財團法人天使心家族社會福利基金會",2009,423,"","",6
"npo0423","財團法人天使心家族社會福利基金會",2010,423,"","",6
"npo0423","財團法人天使心家族社會福利基金會",2011,423,"","",6
"npo0423","財團法人天使心家族社會福利基金會",2012,423,"","",6
"npo0423","財團法人天使心家族社會福利基金會",2013,423,"","",6
"npo0423","財團法人天使心家族社會福利基金會",2014,423,"","",6
"npo0438","社團法人中華民國愛滋感染者權益促進會",2009,438,"","",6
"npo0438","社團法人中華民國愛滋感染者權益促進會",2010,438,"","",6
"npo0438","社團法人中華民國愛滋感染者權益促進會",2011,438,"","",6
"npo0438","社團法人中華民國愛滋感染者權益促進會",2012,438,"","",6
"npo0438","社團法人中華民國愛滋感染者權益促進會",2013,438,"","",6
"npo0438","社團法人中華民國愛滋感染者權益促進會",2014,438,"","",6
"npo0444","新竹市私立天主教仁愛啟智中心",2007,444,"","",8
"npo0444","新竹市私立天主教仁愛啟智中心",2008,444,"","",8
"npo0444","新竹市私立天主教仁愛啟智中心",2009,444,"","",8
"npo0444","新竹市私立天主教仁愛啟智中心",2010,444,"","",8
"npo0444","新竹市私立天主教仁愛啟智中心",2011,444,"","",8
"npo0444","新竹市私立天主教仁愛啟智中心",2012,444,"","",8
"npo0444","新竹市私立天主教仁愛啟智中心",2013,444,"","",8
"npo0444","新竹市私立天主教仁愛啟智中心",2014,444,"","",8
"npo0459","台南市私立天主教瑞復益智中心",2012,459,"","",3
"npo0459","台南市私立天主教瑞復益智中心",2013,459,"","",3
"npo0459","台南市私立天主教瑞復益智中心",2014,459,"","",3
"npo0471","社團法人台中市開懷協會",2006,471,"","",9
"npo0471","社團法人台中市開懷協會",2007,471,"","",9
"npo0471","社團法人台中市開懷協會",2008,471,"","",9
"npo0471","社團法人台中市開懷協會",2009,471,"","",9
"npo0471","社團法人台中市開懷協會",2010,471,"","",9
"npo0471","社團法人台中市開懷協會",2011,471,"","",9
"npo0471","社團法人台中市開懷協會",2012,471,"","",9
"npo0471","社團法人台中市開懷協會",2013,471,"","",9
"npo0471","社團法人台中市開懷協會",2014,471,"","",9
"npo0488","中華基督教救助協會",2006,488,"","",9
"npo0488","中華基督教救助協會",2007,488,"","",9
"npo0488","中華基督教救助協會",2008,488,"","",9
"npo0488","中華基督教救助協會",2009,488,"","",9
"npo0488","中華基督教救助協會",2010,488,"","",9
"npo0488","中華基督教救助協會",2011,488,"","",9
"npo0488","中華基督教救助協會",2012,488,"","",9
"npo0488","中華基督教救助協會",2013,488,"","",9
"npo0488","中華基督教救助協會",2014,488,"","",9
"npo0500","社團法人台灣黃絲帶愛網關懷協會",2009,500,"","",6
"npo0500","社團法人台灣黃絲帶愛網關懷協會",2010,500,"","",6
"npo0500","社團法人台灣黃絲帶愛網關懷協會",2011,500,"","",6
"npo0500","社團法人台灣黃絲帶愛網關懷協會",2012,500,"","",6
"npo0500","社團法人台灣黃絲帶愛網關懷協會",2013,500,"","",6
"npo0500","社團法人台灣黃絲帶愛網關懷協會",2014,500,"","",6
"npo0505","社團法人桃園佛教無意捨協會",2009,505,"","",6
"npo0505","社團法人桃園佛教無意捨協會",2010,505,"","",6
"npo0505","社團法人桃園佛教無意捨協會",2011,505,"","",6
"npo0505","社團法人桃園佛教無意捨協會",2012,505,"","",6
"npo0505","社團法人桃園佛教無意捨協會",2013,505,"","",6
"npo0505","社團法人桃園佛教無意捨協會",2014,505,"","",6
"npo0519","財團法人桃園縣美好社會福利基金會",2006,519,"","",9
"npo0519","財團法人桃園縣美好社會福利基金會",2007,519,"","",9
"npo0519","財團法人桃園縣美好社會福利基金會",2008,519,"","",9
"npo0519","財團法人桃園縣美好社會福利基金會",2009,519,"","",9
"npo0519","財團法人桃園縣美好社會福利基金會",2010,519,"","",9
"npo0519","財團法人桃園縣美好社會福利基金會",2011,519,"","",9
"npo0519","財團法人桃園縣美好社會福利基金會",2012,519,"","",9
"npo0519","財團法人桃園縣美好社會福利基金會",2013,519,"","",9
"npo0519","財團法人桃園縣美好社會福利基金會",2014,519,"","",9
"npo0541","婦女新知基金會",2009,541,"","",6
"npo0541","婦女新知基金會",2010,541,"","",6
"npo0541","婦女新知基金會",2011,541,"","",6
"npo0541","婦女新知基金會",2012,541,"","",6
"npo0541","婦女新知基金會",2013,541,"","",6
"npo0541","婦女新知基金會",2014,541,"","",6
"npo0546","財團法人乳癌防治基金會",2011,546,"","",4
"npo0546","財團法人乳癌防治基金會",2012,546,"","",4
"npo0546","財團法人乳癌防治基金會",2013,546,"","",4
"npo0546","財團法人乳癌防治基金會",2014,546,"","",4
"npo0571","雅文兒童聽語文教基金會",2012,571,"","",3
"npo0571","雅文兒童聽語文教基金會",2013,571,"","",3
"npo0571","雅文兒童聽語文教基金會",2014,571,"","",3
"npo0582","中華民國肌萎縮症病友協會",2014,582,"","",1
"npo0598","崔媽媽基金會",2014,598,"","",1
"npo0603","中華民國兒童福利聯盟文教基金會",2006,603,"","",9
"npo0603","中華民國兒童福利聯盟文教基金會",2007,603,"","",9
"npo0603","中華民國兒童福利聯盟文教基金會",2008,603,"","",9
"npo0603","中華民國兒童福利聯盟文教基金會",2009,603,"","",9
"npo0603","中華民國兒童福利聯盟文教基金會",2010,603,"","",9
"npo0603","中華民國兒童福利聯盟文教基金會",2011,603,"","",9
"npo0603","中華民國兒童福利聯盟文教基金會",2012,603,"","",9
"npo0603","中華民國兒童福利聯盟文教基金會",2013,603,"","",9
"npo0603","中華民國兒童福利聯盟文教基金會",2014,603,"","",9
"npo0609","財團法人台北市自閉兒社會福利基金會",2009,609,"","",6
"npo0609","財團法人台北市自閉兒社會福利基金會",2010,609,"","",6
"npo0609","財團法人台北市自閉兒社會福利基金會",2011,609,"","",6
"npo0609","財團法人台北市自閉兒社會福利基金會",2012,609,"","",6
"npo0609","財團法人台北市自閉兒社會福利基金會",2013,609,"","",6
"npo0609","財團法人台北市自閉兒社會福利基金會",2014,609,"","",6
"npo0619","財團法人基督教芥菜種會",2006,619,"","",9
"npo0619","財團法人基督教芥菜種會",2007,619,"","",9
"npo0619","財團法人基督教芥菜種會",2008,619,"","",9
"npo0619","財團法人基督教芥菜種會",2009,619,"","",9
"npo0619","財團法人基督教芥菜種會",2010,619,"","",9
"npo0619","財團法人基督教芥菜種會",2011,619,"","",9
"npo0619","財團法人基督教芥菜種會",2012,619,"","",9
"npo0619","財團法人基督教芥菜種會",2013,619,"","",9
"npo0619","財團法人基督教芥菜種會",2014,619,"","",9
"npo0620","天主教光仁社會福利基金會",2007,620,"","",8
"npo0620","天主教光仁社會福利基金會",2008,620,"","",8
"npo0620","天主教光仁社會福利基金會",2009,620,"","",8
"npo0620","天主教光仁社會福利基金會",2010,620,"","",8
"npo0620","天主教光仁社會福利基金會",2011,620,"","",8
"npo0620","天主教光仁社會福利基金會",2012,620,"","",8
"npo0620","天主教光仁社會福利基金會",2013,620,"","",8
"npo0620","天主教光仁社會福利基金會",2014,620,"","",8
"npo0623","台灣走出埃及輔導協會",2006,623,"","",9
"npo0623","台灣走出埃及輔導協會",2007,623,"","",9
"npo0623","台灣走出埃及輔導協會",2008,623,"","",9
"npo0623","台灣走出埃及輔導協會",2009,623,"","",9
"npo0623","台灣走出埃及輔導協會",2010,623,"","",9
"npo0623","台灣走出埃及輔導協會",2011,623,"","",9
"npo0623","台灣走出埃及輔導協會",2012,623,"","",9
"npo0623","台灣走出埃及輔導協會",2013,623,"","",9
"npo0623","台灣走出埃及輔導協會",2014,623,"","",9
"npo0628","心路社會福利基金會",2006,628,"","",9
"npo0628","心路社會福利基金會",2007,628,"","",9
"npo0628","心路社會福利基金會",2008,628,"","",9
"npo0628","心路社會福利基金會",2009,628,"","",9
"npo0628","心路社會福利基金會",2010,628,"","",9
"npo0628","心路社會福利基金會",2011,628,"","",9
"npo0628","心路社會福利基金會",2012,628,"","",9
"npo0628","心路社會福利基金會",2013,628,"","",9
"npo0628","心路社會福利基金會",2014,628,"","",9
"npo0634","中華民國生活調適愛心會",2006,634,"","",9
"npo0634","中華民國生活調適愛心會",2007,634,"","",9
"npo0634","中華民國生活調適愛心會",2008,634,"","",9
"npo0634","中華民國生活調適愛心會",2009,634,"","",9
"npo0634","中華民國生活調適愛心會",2010,634,"","",9
"npo0634","中華民國生活調適愛心會",2011,634,"","",9
"npo0634","中華民國生活調適愛心會",2012,634,"","",9
"npo0634","中華民國生活調適愛心會",2013,634,"","",9
"npo0634","中華民國生活調適愛心會",2014,634,"","",9
"npo0653","財團法人佛教蓮花基金會",2008,653,"","",7
"npo0653","財團法人佛教蓮花基金會",2009,653,"","",7
"npo0653","財團法人佛教蓮花基金會",2010,653,"","",7
"npo0653","財團法人佛教蓮花基金會",2011,653,"","",7
"npo0653","財團法人佛教蓮花基金會",2012,653,"","",7
"npo0653","財團法人佛教蓮花基金會",2013,653,"","",7
"npo0653","財團法人佛教蓮花基金會",2014,653,"","",7
"npo0670","台灣婦女團體全國聯合會",2006,670,"","",9
"npo0670","台灣婦女團體全國聯合會",2007,670,"","",9
"npo0670","台灣婦女團體全國聯合會",2008,670,"","",9
"npo0670","台灣婦女團體全國聯合會",2009,670,"","",9
"npo0670","台灣婦女團體全國聯合會",2010,670,"","",9
"npo0670","台灣婦女團體全國聯合會",2011,670,"","",9
"npo0670","台灣婦女團體全國聯合會",2012,670,"","",9
"npo0670","台灣婦女團體全國聯合會",2013,670,"","",9
"npo0670","台灣婦女團體全國聯合會",2014,670,"","",9
"npo0687","仰山文教基金會",2006,687,"","",9
"npo0687","仰山文教基金會",2007,687,"","",9
"npo0687","仰山文教基金會",2008,687,"","",9
"npo0687","仰山文教基金會",2009,687,"","",9
"npo0687","仰山文教基金會",2010,687,"","",9
"npo0687","仰山文教基金會",2011,687,"","",9
"npo0687","仰山文教基金會",2012,687,"","",9
"npo0687","仰山文教基金會",2013,687,"","",9
"npo0687","仰山文教基金會",2014,687,"","",9
"npo0723","天主教善牧社會福利基金會",2006,723,"","",9
"npo0723","天主教善牧社會福利基金會",2007,723,"","",9
"npo0723","天主教善牧社會福利基金會",2008,723,"","",9
"npo0723","天主教善牧社會福利基金會",2009,723,"","",9
"npo0723","天主教善牧社會福利基金會",2010,723,"","",9
"npo0723","天主教善牧社會福利基金會",2011,723,"","",9
"npo0723","天主教善牧社會福利基金會",2012,723,"","",9
"npo0723","天主教善牧社會福利基金會",2013,723,"","",9
"npo0723","天主教善牧社會福利基金會",2014,723,"","",9
"npo0766","財團法人台中市私立弘毓社會福利基金會",2009,766,"","",6
"npo0766","財團法人台中市私立弘毓社會福利基金會",2010,766,"","",6
"npo0766","財團法人台中市私立弘毓社會福利基金會",2011,766,"","",6
"npo0766","財團法人台中市私立弘毓社會福利基金會",2012,766,"","",6
"npo0766","財團法人台中市私立弘毓社會福利基金會",2013,766,"","",6
"npo0766","財團法人台中市私立弘毓社會福利基金會",2014,766,"","",6
"npo0768","財團法人台灣關愛基金會",2012,768,"","",3
"npo0768","財團法人台灣關愛基金會",2013,768,"","",3
"npo0768","財團法人台灣關愛基金會",2014,768,"","",3
"npo0776","財團法人至善社會福利基金會",2010,776,"","",5
"npo0776","財團法人至善社會福利基金會",2011,776,"","",5
"npo0776","財團法人至善社會福利基金會",2012,776,"","",5
"npo0776","財團法人至善社會福利基金會",2013,776,"","",5
"npo0776","財團法人至善社會福利基金會",2014,776,"","",5
"npo0778","社團法人公民監督國會聯盟",2011,778,"","",4
"npo0778","社團法人公民監督國會聯盟",2012,778,"","",4
"npo0778","社團法人公民監督國會聯盟",2013,778,"","",4
"npo0778","社團法人公民監督國會聯盟",2014,778,"","",4
"npo0779","財團法人台灣紅絲帶基金會",2012,779,"","",3
"npo0779","財團法人台灣紅絲帶基金會",2013,779,"","",3
"npo0779","財團法人台灣紅絲帶基金會",2014,779,"","",3
"npo0782","財團法人臺中市私立信望愛智能發展中心",2006,782,"","",9
"npo0782","財團法人臺中市私立信望愛智能發展中心",2007,782,"","",9
"npo0782","財團法人臺中市私立信望愛智能發展中心",2008,782,"","",9
"npo0782","財團法人臺中市私立信望愛智能發展中心",2009,782,"","",9
"npo0782","財團法人臺中市私立信望愛智能發展中心",2010,782,"","",9
"npo0782","財團法人臺中市私立信望愛智能發展中心",2011,782,"","",9
"npo0782","財團法人臺中市私立信望愛智能發展中心",2012,782,"","",9
"npo0782","財團法人臺中市私立信望愛智能發展中心",2013,782,"","",9
"npo0782","財團法人臺中市私立信望愛智能發展中心",2014,782,"","",9
"npo0794","財團法人阿寶教育基金會",2010,794,"","",5
"npo0794","財團法人阿寶教育基金會",2011,794,"","",5
"npo0794","財團法人阿寶教育基金會",2012,794,"","",5
"npo0794","財團法人阿寶教育基金會",2013,794,"","",5
"npo0794","財團法人阿寶教育基金會",2014,794,"","",5
"npo0796","財團法人嘉義縣私立嘉惠教養院",2012,796,"","",3
"npo0796","財團法人嘉義縣私立嘉惠教養院",2013,796,"","",3
"npo0796","財團法人嘉義縣私立嘉惠教養院",2014,796,"","",3
"npo0808","中華民國身心障礙聯盟(原殘聯)",2006,808,"","",9
"npo0808","中華民國身心障礙聯盟(原殘聯)",2007,808,"","",9
"npo0808","中華民國身心障礙聯盟(原殘聯)",2008,808,"","",9
"npo0808","中華民國身心障礙聯盟(原殘聯)",2009,808,"","",9
"npo0808","中華民國身心障礙聯盟(原殘聯)",2010,808,"","",9
"npo0808","中華民國身心障礙聯盟(原殘聯)",2011,808,"","",9
"npo0808","中華民國身心障礙聯盟(原殘聯)",2012,808,"","",9
"npo0808","中華民國身心障礙聯盟(原殘聯)",2013,808,"","",9
"npo0808","中華民國身心障礙聯盟(原殘聯)",2014,808,"","",9
"npo0814","西田社布袋戲基金會",2008,814,"","",6
"npo0814","西田社布袋戲基金會",2009,814,"","",6
"npo0814","西田社布袋戲基金會",2010,814,"","",6
"npo0814","西田社布袋戲基金會",2011,814,"","",6
"npo0814","西田社布袋戲基金會",2012,814,"","",6
"npo0814","西田社布袋戲基金會",2013,814,"","",6
"npo0815","財團法人人安社會福利慈善事業基金會",2013,815,"","",2
"npo0815","財團法人人安社會福利慈善事業基金會",2014,815,"","",2
"npo0829","紙風車文教基金會",2007,829,"","",8
"npo0829","紙風車文教基金會",2008,829,"","",8
"npo0829","紙風車文教基金會",2009,829,"","",8
"npo0829","紙風車文教基金會",2010,829,"","",8
"npo0829","紙風車文教基金會",2011,829,"","",8
"npo0829","紙風車文教基金會",2012,829,"","",8
"npo0829","紙風車文教基金會",2013,829,"","",8
"npo0829","紙風車文教基金會",2014,829,"","",8
"npo0849","財團法人羅慧夫顱顏基金會",2007,849,"","",8
"npo0849","財團法人羅慧夫顱顏基金會",2008,849,"","",8
"npo0849","財團法人羅慧夫顱顏基金會",2009,849,"","",8
"npo0849","財團法人羅慧夫顱顏基金會",2010,849,"","",8
"npo0849","財團法人羅慧夫顱顏基金會",2011,849,"","",8
"npo0849","財團法人羅慧夫顱顏基金會",2012,849,"","",8
"npo0849","財團法人羅慧夫顱顏基金會",2013,849,"","",8
"npo0849","財團法人羅慧夫顱顏基金會",2014,849,"","",8
"npo0916","一粒麥子社會福利慈善事業基金會",2006,916,"","",9
"npo0916","一粒麥子社會福利慈善事業基金會",2007,916,"","",9
"npo0916","一粒麥子社會福利慈善事業基金會",2008,916,"","",9
"npo0916","一粒麥子社會福利慈善事業基金會",2009,916,"","",9
"npo0916","一粒麥子社會福利慈善事業基金會",2010,916,"","",9
"npo0916","一粒麥子社會福利慈善事業基金會",2011,916,"","",9
"npo0916","一粒麥子社會福利慈善事業基金會",2012,916,"","",9
"npo0916","一粒麥子社會福利慈善事業基金會",2013,916,"","",9
"npo0916","一粒麥子社會福利慈善事業基金會",2014,916,"","",9
"npo0937","財團法人門諾社會福利慈善事業基金會",2007,937,"","",8
"npo0937","財團法人門諾社會福利慈善事業基金會",2008,937,"","",8
"npo0937","財團法人門諾社會福利慈善事業基金會",2009,937,"","",8
"npo0937","財團法人門諾社會福利慈善事業基金會",2010,937,"","",8
"npo0937","財團法人門諾社會福利慈善事業基金會",2011,937,"","",8
"npo0937","財團法人門諾社會福利慈善事業基金會",2012,937,"","",8
"npo0937","財團法人門諾社會福利慈善事業基金會",2013,937,"","",8
"npo0937","財團法人門諾社會福利慈善事業基金會",2014,937,"","",8
"npo0942","財團法人高雄市私立星星兒社會福利基金會",2007,942,"","",8
"npo0942","財團法人高雄市私立星星兒社會福利基金會",2008,942,"","",8
"npo0942","財團法人高雄市私立星星兒社會福利基金會",2009,942,"","",8
"npo0942","財團法人高雄市私立星星兒社會福利基金會",2010,942,"","",8
"npo0942","財團法人高雄市私立星星兒社會福利基金會",2011,942,"","",8
"npo0942","財團法人高雄市私立星星兒社會福利基金會",2012,942,"","",8
"npo0942","財團法人高雄市私立星星兒社會福利基金會",2013,942,"","",8
"npo0942","財團法人高雄市私立星星兒社會福利基金會",2014,942,"","",8
"npo0948","社團法人台北市視障者家長協會",2006,948,"","",9
"npo0948","社團法人台北市視障者家長協會",2007,948,"","",9
"npo0948","社團法人台北市視障者家長協會",2008,948,"","",9
"npo0948","社團法人台北市視障者家長協會",2009,948,"","",9
"npo0948","社團法人台北市視障者家長協會",2010,948,"","",9
"npo0948","社團法人台北市視障者家長協會",2011,948,"","",9
"npo0948","社團法人台北市視障者家長協會",2012,948,"","",9
"npo0948","社團法人台北市視障者家長協會",2013,948,"","",9
"npo0948","社團法人台北市視障者家長協會",2014,948,"","",9
"npo0954","財團法人屏東縣私立迦南身心障礙養護院",2012,954,"","",3
"npo0954","財團法人屏東縣私立迦南身心障礙養護院",2013,954,"","",3
"npo0954","財團法人屏東縣私立迦南身心障礙養護院",2014,954,"","",3
"npo0969","中華民國運動神經元疾病病友協會",2006,969,"","",9
"npo0969","中華民國運動神經元疾病病友協會",2007,969,"","",9
"npo0969","中華民國運動神經元疾病病友協會",2008,969,"","",9
"npo0969","中華民國運動神經元疾病病友協會",2009,969,"","",9
"npo0969","中華民國運動神經元疾病病友協會",2010,969,"","",9
"npo0969","中華民國運動神經元疾病病友協會",2011,969,"","",9
"npo0969","中華民國運動神經元疾病病友協會",2012,969,"","",9
"npo0969","中華民國運動神經元疾病病友協會",2013,969,"","",9
"npo0969","中華民國運動神經元疾病病友協會",2014,969,"","",9
"npo0999","社團法人花蓮縣老人暨家庭關懷協會",2011,999,"","",3
"npo0999","社團法人花蓮縣老人暨家庭關懷協會",2012,999,"","",3
"npo0999","社團法人花蓮縣老人暨家庭關懷協會",2013,999,"","",3
"npo1024","財團法人新北市私立樂山園社會福利慈善事業基金會附設樂山教養院",2006,1024,"","",9
"npo1024","財團法人新北市私立樂山園社會福利慈善事業基金會附設樂山教養院",2007,1024,"","",9
"npo1024","財團法人新北市私立樂山園社會福利慈善事業基金會附設樂山教養院",2008,1024,"","",9
"npo1024","財團法人新北市私立樂山園社會福利慈善事業基金會附設樂山教養院",2009,1024,"","",9
"npo1024","財團法人新北市私立樂山園社會福利慈善事業基金會附設樂山教養院",2010,1024,"","",9
"npo1024","財團法人新北市私立樂山園社會福利慈善事業基金會附設樂山教養院",2011,1024,"","",9
"npo1024","財團法人新北市私立樂山園社會福利慈善事業基金會附設樂山教養院",2012,1024,"","",9
"npo1024","財團法人新北市私立樂山園社會福利慈善事業基金會附設樂山教養院",2013,1024,"","",9
"npo1024","財團法人新北市私立樂山園社會福利慈善事業基金會附設樂山教養院",2014,1024,"","",9
"npo1034","台灣彩虹愛家生命教育協會",2010,1034,"","",5
"npo1034","台灣彩虹愛家生命教育協會",2011,1034,"","",5
"npo1034","台灣彩虹愛家生命教育協會",2012,1034,"","",5
"npo1034","台灣彩虹愛家生命教育協會",2013,1034,"","",5
"npo1034","台灣彩虹愛家生命教育協會",2014,1034,"","",5
"npo1040","社團法人中華民國新生活社會福利發展促進會",2014,1040,"","",4
"npo1040","社團法人中華民國新生活社會福利發展促進會",2013,1040,"","",4
"npo1040","社團法人中華民國新生活社會福利發展促進會",2012,1040,"","",4
"npo1040","社團法人中華民國新生活社會福利發展促進會",2011,1040,"","",4
"npo1047","主婦聯盟環境保護基金會",2006,1047,"","",9
"npo1047","主婦聯盟環境保護基金會",2007,1047,"","",9
"npo1047","主婦聯盟環境保護基金會",2008,1047,"","",9
"npo1047","主婦聯盟環境保護基金會",2009,1047,"","",9
"npo1047","主婦聯盟環境保護基金會",2010,1047,"","",9
"npo1047","主婦聯盟環境保護基金會",2011,1047,"","",9
"npo1047","主婦聯盟環境保護基金會",2012,1047,"","",9
"npo1047","主婦聯盟環境保護基金會",2013,1047,"","",9
"npo1047","主婦聯盟環境保護基金會",2014,1047,"","",9
"npo1053","財團法人台北市婦女救援社會福利事業基金會",2007,1053,"","",8
"npo1053","財團法人台北市婦女救援社會福利事業基金會",2008,1053,"","",8
"npo1053","財團法人台北市婦女救援社會福利事業基金會",2009,1053,"","",8
"npo1053","財團法人台北市婦女救援社會福利事業基金會",2010,1053,"","",8
"npo1053","財團法人台北市婦女救援社會福利事業基金會",2011,1053,"","",8
"npo1053","財團法人台北市婦女救援社會福利事業基金會",2012,1053,"","",8
"npo1053","財團法人台北市婦女救援社會福利事業基金會",2013,1053,"","",8
"npo1053","財團法人台北市婦女救援社會福利事業基金會",2014,1053,"","",8
"npo1073","愚人之友社會福利慈善事業基金會",2006,1073,"","",9
"npo1073","愚人之友社會福利慈善事業基金會",2007,1073,"","",9
"npo1073","愚人之友社會福利慈善事業基金會",2008,1073,"","",9
"npo1073","愚人之友社會福利慈善事業基金會",2009,1073,"","",9
"npo1073","愚人之友社會福利慈善事業基金會",2010,1073,"","",9
"npo1073","愚人之友社會福利慈善事業基金會",2011,1073,"","",9
"npo1073","愚人之友社會福利慈善事業基金會",2012,1073,"","",9
"npo1073","愚人之友社會福利慈善事業基金會",2013,1073,"","",9
"npo1073","愚人之友社會福利慈善事業基金會",2014,1073,"","",9
"npo1077","財團法人臺南市私立天主教美善社會福利基金會",2014,1077,"","",1
"npo1082","社團法人彰化縣喜樂小兒麻痺關懷協會",2012,1082,"","",3
"npo1082","社團法人彰化縣喜樂小兒麻痺關懷協會",2013,1082,"","",3
"npo1082","社團法人彰化縣喜樂小兒麻痺關懷協會",2014,1082,"","",3
"npo1126","桃園市私立安康啟智教養院",2013,1126,"","",2
"npo1126","桃園市私立安康啟智教養院",2014,1126,"","",2
"npo1128","中華民國老人福利推動聯盟",2007,1128,"","",8
"npo1128","中華民國老人福利推動聯盟",2008,1128,"","",8
"npo1128","中華民國老人福利推動聯盟",2009,1128,"","",8
"npo1128","中華民國老人福利推動聯盟",2010,1128,"","",8
"npo1128","中華民國老人福利推動聯盟",2011,1128,"","",8
"npo1128","中華民國老人福利推動聯盟",2012,1128,"","",8
"npo1128","中華民國老人福利推動聯盟",2013,1128,"","",8
"npo1128","中華民國老人福利推動聯盟",2014,1128,"","",8
"npo1135","社團法人台灣愛鄰社區服務協會",2012,1135,"","",3
"npo1135","社團法人台灣愛鄰社區服務協會",2013,1135,"","",3
"npo1135","社團法人台灣愛鄰社區服務協會",2014,1135,"","",3
"npo1144","社團法人台灣少年權益與福利促進聯盟",2007,1144,"","",8
"npo1144","社團法人台灣少年權益與福利促進聯盟",2008,1144,"","",8
"npo1144","社團法人台灣少年權益與福利促進聯盟",2009,1144,"","",8
"npo1144","社團法人台灣少年權益與福利促進聯盟",2010,1144,"","",8
"npo1144","社團法人台灣少年權益與福利促進聯盟",2011,1144,"","",8
"npo1144","社團法人台灣少年權益與福利促進聯盟",2012,1144,"","",8
"npo1144","社團法人台灣少年權益與福利促進聯盟",2013,1144,"","",8
"npo1144","社團法人台灣少年權益與福利促進聯盟",2014,1144,"","",8
"npo1159","財團法人台北市賽珍珠基金會",2010,1159,"","",5
"npo1159","財團法人台北市賽珍珠基金會",2011,1159,"","",5
"npo1159","財團法人台北市賽珍珠基金會",2012,1159,"","",5
"npo1159","財團法人台北市賽珍珠基金會",2013,1159,"","",5
"npo1159","財團法人台北市賽珍珠基金會",2014,1159,"","",5
"npo1161","財團法人台北市愛慈社會福利基金會",2006,1161,"","",9
"npo1161","財團法人台北市愛慈社會福利基金會",2007,1161,"","",9
"npo1161","財團法人台北市愛慈社會福利基金會",2008,1161,"","",9
"npo1161","財團法人台北市愛慈社會福利基金會",2009,1161,"","",9
"npo1161","財團法人台北市愛慈社會福利基金會",2010,1161,"","",9
"npo1161","財團法人台北市愛慈社會福利基金會",2011,1161,"","",9
"npo1161","財團法人台北市愛慈社會福利基金會",2012,1161,"","",9
"npo1161","財團法人台北市愛慈社會福利基金會",2013,1161,"","",9
"npo1161","財團法人台北市愛慈社會福利基金會",2014,1161,"","",9
"npo1187","社團法人高雄市小草關懷協會",2008,1187,"","",7
"npo1187","社團法人高雄市小草關懷協會",2009,1187,"","",7
"npo1187","社團法人高雄市小草關懷協會",2010,1187,"","",7
"npo1187","社團法人高雄市小草關懷協會",2011,1187,"","",7
"npo1187","社團法人高雄市小草關懷協會",2012,1187,"","",7
"npo1187","社團法人高雄市小草關懷協會",2013,1187,"","",7
"npo1187","社團法人高雄市小草關懷協會",2014,1187,"","",7
"npo1190","財團法人地球公民基金會",2011,1190,"","",4
"npo1190","財團法人地球公民基金會",2012,1190,"","",4
"npo1190","財團法人地球公民基金會",2013,1190,"","",4
"npo1190","財團法人地球公民基金會",2014,1190,"","",4
"npo1192","創世社會福利基金會",2013,1192,"","",2
"npo1192","創世社會福利基金會",2014,1192,"","",2
"npo1213","財團法人伊甸社會福利基金會",2006,1213,"","",9
"npo1213","財團法人伊甸社會福利基金會",2007,1213,"","",9
"npo1213","財團法人伊甸社會福利基金會",2008,1213,"","",9
"npo1213","財團法人伊甸社會福利基金會",2009,1213,"","",9
"npo1213","財團法人伊甸社會福利基金會",2010,1213,"","",9
"npo1213","財團法人伊甸社會福利基金會",2011,1213,"","",9
"npo1213","財團法人伊甸社會福利基金會",2012,1213,"","",9
"npo1213","財團法人伊甸社會福利基金會",2013,1213,"","",9
"npo1213","財團法人伊甸社會福利基金會",2014,1213,"","",9
"npo1246","社團法人世界和平會",2009,1246,"","",6
"npo1246","社團法人世界和平會",2010,1246,"","",6
"npo1246","社團法人世界和平會",2011,1246,"","",6
"npo1246","社團法人世界和平會",2012,1246,"","",6
"npo1246","社團法人世界和平會",2013,1246,"","",6
"npo1246","社團法人世界和平會",2014,1246,"","",6
"npo1251","社團法人中華民國肯愛社會服務協會",2006,1251,"","",9
"npo1251","社團法人中華民國肯愛社會服務協會",2007,1251,"","",9
"npo1251","社團法人中華民國肯愛社會服務協會",2008,1251,"","",9
"npo1251","社團法人中華民國肯愛社會服務協會",2009,1251,"","",9
"npo1251","社團法人中華民國肯愛社會服務協會",2010,1251,"","",9
"npo1251","社團法人中華民國肯愛社會服務協會",2011,1251,"","",9
"npo1251","社團法人中華民國肯愛社會服務協會",2012,1251,"","",9
"npo1251","社團法人中華民國肯愛社會服務協會",2013,1251,"","",9
"npo1251","社團法人中華民國肯愛社會服務協會",2014,1251,"","",9
"npo1295","苗栗縣私立幼安教養院",2013,1295,"","",2
"npo1295","苗栗縣私立幼安教養院",2014,1295,"","",2
"npo1309","中華青少年純潔運動協會",2013,1309,"","",2
"npo1309","中華青少年純潔運動協會",2014,1309,"","",2
"npo1314","財團法人濟興長青基金會",2008,1314,"","",7
"npo1314","財團法人濟興長青基金會",2009,1314,"","",7
"npo1314","財團法人濟興長青基金會",2010,1314,"","",7
"npo1314","財團法人濟興長青基金會",2011,1314,"","",7
"npo1314","財團法人濟興長青基金會",2012,1314,"","",7
"npo1314","財團法人濟興長青基金會",2013,1314,"","",7
"npo1314","財團法人濟興長青基金會",2014,1314,"","",7
"npo1370","靖娟兒童安全文教基金會",2006,1370,"","",9
"npo1370","靖娟兒童安全文教基金會",2007,1370,"","",9
"npo1370","靖娟兒童安全文教基金會",2008,1370,"","",9
"npo1370","靖娟兒童安全文教基金會",2009,1370,"","",9
"npo1370","靖娟兒童安全文教基金會",2010,1370,"","",9
"npo1370","靖娟兒童安全文教基金會",2011,1370,"","",9
"npo1370","靖娟兒童安全文教基金會",2012,1370,"","",9
"npo1370","靖娟兒童安全文教基金會",2013,1370,"","",9
"npo1370","靖娟兒童安全文教基金會",2014,1370,"","",9
"npo1401","社團法人台灣兒童少年希望協會",2009,1401,"","",6
"npo1401","社團法人台灣兒童少年希望協會",2010,1401,"","",6
"npo1401","社團法人台灣兒童少年希望協會",2011,1401,"","",6
"npo1401","社團法人台灣兒童少年希望協會",2012,1401,"","",6
"npo1401","社團法人台灣兒童少年希望協會",2013,1401,"","",6
"npo1401","社團法人台灣兒童少年希望協會",2014,1401,"","",6
"npo1406","財團法人天主教白永恩神父社會福利基金會",2012,1406,"","",3
"npo1406","財團法人天主教白永恩神父社會福利基金會",2013,1406,"","",3
"npo1406","財團法人天主教白永恩神父社會福利基金會",2014,1406,"","",3
"npo1409","社團法人臺南市以琳之家關懷協會",2012,1409,"","",3
"npo1409","社團法人臺南市以琳之家關懷協會",2013,1409,"","",3
"npo1409","社團法人臺南市以琳之家關懷協會",2014,1409,"","",3
"npo1419","財團法人苗栗縣私立新苗發展中心",2010,1419,"","",5
"npo1419","財團法人苗栗縣私立新苗發展中心",2011,1419,"","",5
"npo1419","財團法人苗栗縣私立新苗發展中心",2012,1419,"","",5
"npo1419","財團法人苗栗縣私立新苗發展中心",2013,1419,"","",5
"npo1419","財團法人苗栗縣私立新苗發展中心",2014,1419,"","",5
"npo1420","普仁青年關懷基金會",2013,1420,"","",2
"npo1420","普仁青年關懷基金會",2014,1420,"","",2
"npo1421","財團法人愛盲基金會",2006,1421,"","",9
"npo1421","財團法人愛盲基金會",2007,1421,"","",9
"npo1421","財團法人愛盲基金會",2008,1421,"","",9
"npo1421","財團法人愛盲基金會",2009,1421,"","",9
"npo1421","財團法人愛盲基金會",2010,1421,"","",9
"npo1421","財團法人愛盲基金會",2011,1421,"","",9
"npo1421","財團法人愛盲基金會",2012,1421,"","",9
"npo1421","財團法人愛盲基金會",2013,1421,"","",9
"npo1421","財團法人愛盲基金會",2014,1421,"","",9
"npo1431","第一社會福利基金會",2006,1431,"","",9
"npo1431","第一社會福利基金會",2007,1431,"","",9
"npo1431","第一社會福利基金會",2008,1431,"","",9
"npo1431","第一社會福利基金會",2009,1431,"","",9
"npo1431","第一社會福利基金會",2010,1431,"","",9
"npo1431","第一社會福利基金會",2011,1431,"","",9
"npo1431","第一社會福利基金會",2012,1431,"","",9
"npo1431","第一社會福利基金會",2013,1431,"","",9
"npo1431","第一社會福利基金會",2014,1431,"","",9
"npo1433","財團法人育成社會福利基金會",2006,1433,"","",9
"npo1433","財團法人育成社會福利基金會",2007,1433,"","",9
"npo1433","財團法人育成社會福利基金會",2008,1433,"","",9
"npo1433","財團法人育成社會福利基金會",2009,1433,"","",9
"npo1433","財團法人育成社會福利基金會",2010,1433,"","",9
"npo1433","財團法人育成社會福利基金會",2011,1433,"","",9
"npo1433","財團法人育成社會福利基金會",2012,1433,"","",9
"npo1433","財團法人育成社會福利基金會",2013,1433,"","",9
"npo1433","財團法人育成社會福利基金會",2014,1433,"","",9
"npo1474","希望基金會",2008,1474,"","",7
"npo1474","希望基金會",2009,1474,"","",7
"npo1474","希望基金會",2010,1474,"","",7
"npo1474","希望基金會",2011,1474,"","",7
"npo1474","希望基金會",2012,1474,"","",7
"npo1474","希望基金會",2013,1474,"","",7
"npo1474","希望基金會",2014,1474,"","",7
"npo1502","財團法人環宇國際文化教育基金會",2012,1502,"","",3
"npo1502","財團法人環宇國際文化教育基金會",2013,1502,"","",3
"npo1502","財團法人環宇國際文化教育基金會",2014,1502,"","",3
"npo1505","東元科技文教基金會",2011,1505,"","",2
"npo1505","東元科技文教基金會",2012,1505,"","",2
"npo1538","台北市私立勝利身心障礙潛能發展中心",2012,1538,"","",3
"npo1538","台北市私立勝利身心障礙潛能發展中心",2013,1538,"","",3
"npo1538","台北市私立勝利身心障礙潛能發展中心",2014,1538,"","",3
"npo1542","苗栗縣生命線協會",2008,1542,"","",7
"npo1542","苗栗縣生命線協會",2009,1542,"","",7
"npo1542","苗栗縣生命線協會",2010,1542,"","",7
"npo1542","苗栗縣生命線協會",2011,1542,"","",7
"npo1542","苗栗縣生命線協會",2012,1542,"","",7
"npo1542","苗栗縣生命線協會",2013,1542,"","",7
"npo1542","苗栗縣生命線協會",2014,1542,"","",7
"npo1560","財團法人中華民國唐氏症基金會",2013,1560,"","",2
"npo1560","財團法人中華民國唐氏症基金會",2014,1560,"","",2
"npo1569","財團法人癌症希望基金會",2011,1569,"","",4
"npo1569","財團法人癌症希望基金會",2012,1569,"","",4
"npo1569","財團法人癌症希望基金會",2013,1569,"","",4
"npo1569","財團法人癌症希望基金會",2014,1569,"","",4
"npo1605","社團法人台灣油症受害者支持協會",2011,1605,"","",4
"npo1605","社團法人台灣油症受害者支持協會",2012,1605,"","",4
"npo1605","社團法人台灣油症受害者支持協會",2013,1605,"","",4
"npo1605","社團法人台灣油症受害者支持協會",2014,1605,"","",4
"npo1606","中華民國腦性麻痺協會",2012,1606,"","",3
"npo1606","中華民國腦性麻痺協會",2013,1606,"","",3
"npo1606","中華民國腦性麻痺協會",2014,1606,"","",3
"npo1612","社團法人高雄市慈善團體聯合總會",2010,1612,"","",5
"npo1612","社團法人高雄市慈善團體聯合總會",2011,1612,"","",5
"npo1612","社團法人高雄市慈善團體聯合總會",2012,1612,"","",5
"npo1612","社團法人高雄市慈善團體聯合總會",2013,1612,"","",5
"npo1612","社團法人高雄市慈善團體聯合總會",2014,1612,"","",5
"npo1623","屏東基督教勝利之家",2012,1623,"","",3
"npo1623","屏東基督教勝利之家",2013,1623,"","",3
"npo1623","屏東基督教勝利之家",2014,1623,"","",3
"npo1643","財團法人中華民國自閉症基金會",2006,1643,"","",9
"npo1643","財團法人中華民國自閉症基金會",2007,1643,"","",9
"npo1643","財團法人中華民國自閉症基金會",2008,1643,"","",9
"npo1643","財團法人中華民國自閉症基金會",2009,1643,"","",9
"npo1643","財團法人中華民國自閉症基金會",2010,1643,"","",9
"npo1643","財團法人中華民國自閉症基金會",2011,1643,"","",9
"npo1643","財團法人中華民國自閉症基金會",2012,1643,"","",9
"npo1643","財團法人中華民國自閉症基金會",2013,1643,"","",9
"npo1643","財團法人中華民國自閉症基金會",2014,1643,"","",9
"npo1644","社團法人中華民國基督教女青年會協會",2006,1644,"","",9
"npo1644","社團法人中華民國基督教女青年會協會",2007,1644,"","",9
"npo1644","社團法人中華民國基督教女青年會協會",2008,1644,"","",9
"npo1644","社團法人中華民國基督教女青年會協會",2009,1644,"","",9
"npo1644","社團法人中華民國基督教女青年會協會",2010,1644,"","",9
"npo1644","社團法人中華民國基督教女青年會協會",2011,1644,"","",9
"npo1644","社團法人中華民國基督教女青年會協會",2012,1644,"","",9
"npo1644","社團法人中華民國基督教女青年會協會",2013,1644,"","",9
"npo1644","社團法人中華民國基督教女青年會協會",2014,1644,"","",9
"npo1663","社團法人台南市慈光身障協會",2009,1663,"","",6
"npo1663","社團法人台南市慈光身障協會",2010,1663,"","",6
"npo1663","社團法人台南市慈光身障協會",2011,1663,"","",6
"npo1663","社團法人台南市慈光身障協會",2012,1663,"","",6
"npo1663","社團法人台南市慈光身障協會",2013,1663,"","",6
"npo1663","社團法人台南市慈光身障協會",2014,1663,"","",6
"npo1665","財團法人十方啟智文教基金會",2013,1665,"","",2
"npo1665","財團法人十方啟智文教基金會",2014,1665,"","",2
"npo1668","中華民國發展遲緩兒童早期療育協會",2009,1668,"","",6
"npo1668","中華民國發展遲緩兒童早期療育協會",2010,1668,"","",6
"npo1668","中華民國發展遲緩兒童早期療育協會",2011,1668,"","",6
"npo1668","中華民國發展遲緩兒童早期療育協會",2012,1668,"","",6
"npo1668","中華民國發展遲緩兒童早期療育協會",2013,1668,"","",6
"npo1668","中華民國發展遲緩兒童早期療育協會",2014,1668,"","",6
"npo1677","財團法人台灣基督教門諾會附設花蓮縣私立善牧中心",2009,1677,"","",6
"npo1677","財團法人台灣基督教門諾會附設花蓮縣私立善牧中心",2010,1677,"","",6
"npo1677","財團法人台灣基督教門諾會附設花蓮縣私立善牧中心",2011,1677,"","",6
"npo1677","財團法人台灣基督教門諾會附設花蓮縣私立善牧中心",2012,1677,"","",6
"npo1677","財團法人台灣基督教門諾會附設花蓮縣私立善牧中心",2013,1677,"","",6
"npo1677","財團法人台灣基督教門諾會附設花蓮縣私立善牧中心",2014,1677,"","",6
"npo1699","彰化縣基督教青年會",2011,1699,"","",4
"npo1699","彰化縣基督教青年會",2012,1699,"","",4
"npo1699","彰化縣基督教青年會",2013,1699,"","",4
"npo1699","彰化縣基督教青年會",2014,1699,"","",4
"npo1700","財團法人台南市私立朝興社會福利慈善事業基金會",2010,1700,"","",5
"npo1700","財團法人台南市私立朝興社會福利慈善事業基金會",2011,1700,"","",5
"npo1700","財團法人台南市私立朝興社會福利慈善事業基金會",2012,1700,"","",5
"npo1700","財團法人台南市私立朝興社會福利慈善事業基金會",2013,1700,"","",5
"npo1700","財團法人台南市私立朝興社會福利慈善事業基金會",2014,1700,"","",5
"npo1712","中華民國自閉症總會",2014,1712,"","",1
"npo1730","財團法人老五老基金會",2013,1730,"","",2
"npo1730","財團法人老五老基金會",2014,1730,"","",2
"npo1743","屏東基督教醫院",2011,1743,"","",4
"npo1743","屏東基督教醫院",2012,1743,"","",4
"npo1743","屏東基督教醫院",2013,1743,"","",4
"npo1743","屏東基督教醫院",2014,1743,"","",4
"npo1748","海棠文教基金會",2006,1748,"","",9
"npo1748","海棠文教基金會",2007,1748,"","",9
"npo1748","海棠文教基金會",2008,1748,"","",9
"npo1748","海棠文教基金會",2009,1748,"","",9
"npo1748","海棠文教基金會",2010,1748,"","",9
"npo1748","海棠文教基金會",2011,1748,"","",9
"npo1748","海棠文教基金會",2012,1748,"","",9
"npo1748","海棠文教基金會",2013,1748,"","",9
"npo1748","海棠文教基金會",2014,1748,"","",9
"npo1775","財團法人桃園縣私立康福智能發展中心",2008,1775,"","",7
"npo1775","財團法人桃園縣私立康福智能發展中心",2009,1775,"","",7
"npo1775","財團法人桃園縣私立康福智能發展中心",2010,1775,"","",7
"npo1775","財團法人桃園縣私立康福智能發展中心",2011,1775,"","",7
"npo1775","財團法人桃園縣私立康福智能發展中心",2012,1775,"","",7
"npo1775","財團法人桃園縣私立康福智能發展中心",2013,1775,"","",7
"npo1775","財團法人桃園縣私立康福智能發展中心",2014,1775,"","",7
"npo1779","社團法人台灣彩虹雙福協會",2012,1779,"","",3
"npo1779","社團法人台灣彩虹雙福協會",2013,1779,"","",3
"npo1779","社團法人台灣彩虹雙福協會",2014,1779,"","",3
"npo1799","財團法人台灣痲瘋救濟基金會",2008,1799,"","",7
"npo1799","財團法人台灣痲瘋救濟基金會",2009,1799,"","",7
"npo1799","財團法人台灣痲瘋救濟基金會",2010,1799,"","",7
"npo1799","財團法人台灣痲瘋救濟基金會",2011,1799,"","",7
"npo1799","財團法人台灣痲瘋救濟基金會",2012,1799,"","",7
"npo1799","財團法人台灣痲瘋救濟基金會",2013,1799,"","",7
"npo1799","財團法人台灣痲瘋救濟基金會",2014,1799,"","",7
"npo1802","瑞信兒童醫療基金會",2014,1802,"","",1
"npo1812","財團法人蒲公英希望基金會",2008,1812,"","",7
"npo1812","財團法人蒲公英希望基金會",2009,1812,"","",7
"npo1812","財團法人蒲公英希望基金會",2010,1812,"","",7
"npo1812","財團法人蒲公英希望基金會",2011,1812,"","",7
"npo1812","財團法人蒲公英希望基金會",2012,1812,"","",7
"npo1812","財團法人蒲公英希望基金會",2013,1812,"","",7
"npo1812","財團法人蒲公英希望基金會",2014,1812,"","",7
"npo1830","中華民國發展遲緩兒童基金會",2006,1830,"","",9
"npo1830","中華民國發展遲緩兒童基金會",2007,1830,"","",9
"npo1830","中華民國發展遲緩兒童基金會",2008,1830,"","",9
"npo1830","中華民國發展遲緩兒童基金會",2009,1830,"","",9
"npo1830","中華民國發展遲緩兒童基金會",2010,1830,"","",9
"npo1830","中華民國發展遲緩兒童基金會",2011,1830,"","",9
"npo1830","中華民國發展遲緩兒童基金會",2012,1830,"","",9
"npo1830","中華民國發展遲緩兒童基金會",2013,1830,"","",9
"npo1830","中華民國發展遲緩兒童基金會",2014,1830,"","",9
"npo1831","財團法人桃園縣私立路得啟智學園",2008,1831,"","",7
"npo1831","財團法人桃園縣私立路得啟智學園",2009,1831,"","",7
"npo1831","財團法人桃園縣私立路得啟智學園",2010,1831,"","",7
"npo1831","財團法人桃園縣私立路得啟智學園",2011,1831,"","",7
"npo1831","財團法人桃園縣私立路得啟智學園",2012,1831,"","",7
"npo1831","財團法人桃園縣私立路得啟智學園",2013,1831,"","",7
"npo1831","財團法人桃園縣私立路得啟智學園",2014,1831,"","",7
"npo1833","中華民國紅心字會",2006,1833,"","",9
"npo1833","中華民國紅心字會",2007,1833,"","",9
"npo1833","中華民國紅心字會",2008,1833,"","",9
"npo1833","中華民國紅心字會",2009,1833,"","",9
"npo1833","中華民國紅心字會",2010,1833,"","",9
"npo1833","中華民國紅心字會",2011,1833,"","",9
"npo1833","中華民國紅心字會",2012,1833,"","",9
"npo1833","中華民國紅心字會",2013,1833,"","",9
"npo1833","中華民國紅心字會",2014,1833,"","",9
"npo1839","財團法人台北市失親兒福利基金會",2008,1839,"","",7
"npo1839","財團法人台北市失親兒福利基金會",2009,1839,"","",7
"npo1839","財團法人台北市失親兒福利基金會",2010,1839,"","",7
"npo1839","財團法人台北市失親兒福利基金會",2011,1839,"","",7
"npo1839","財團法人台北市失親兒福利基金會",2012,1839,"","",7
"npo1839","財團法人台北市失親兒福利基金會",2013,1839,"","",7
"npo1839","財團法人台北市失親兒福利基金會",2014,1839,"","",7
"npo1851","社團法人台灣微客公益行動協會",2014,1851,"","",1
"npo1852","社團法人台灣數位有聲書推展學會",2006,1852,"","",9
"npo1852","社團法人台灣數位有聲書推展學會",2007,1852,"","",9
"npo1852","社團法人台灣數位有聲書推展學會",2008,1852,"","",9
"npo1852","社團法人台灣數位有聲書推展學會",2009,1852,"","",9
"npo1852","社團法人台灣數位有聲書推展學會",2010,1852,"","",9
"npo1852","社團法人台灣數位有聲書推展學會",2011,1852,"","",9
"npo1852","社團法人台灣數位有聲書推展學會",2012,1852,"","",9
"npo1852","社團法人台灣數位有聲書推展學會",2013,1852,"","",9
"npo1852","社團法人台灣數位有聲書推展學會",2014,1852,"","",9
"npo1856","財團法人成長文教基金會",2006,1856,"","",9
"npo1856","財團法人成長文教基金會",2007,1856,"","",9
"npo1856","財團法人成長文教基金會",2008,1856,"","",9
"npo1856","財團法人成長文教基金會",2009,1856,"","",9
"npo1856","財團法人成長文教基金會",2010,1856,"","",9
"npo1856","財團法人成長文教基金會",2011,1856,"","",9
"npo1856","財團法人成長文教基金會",2012,1856,"","",9
"npo1856","財團法人成長文教基金會",2013,1856,"","",9
"npo1856","財團法人成長文教基金會",2014,1856,"","",9
"npo1885","財團法人台灣早產兒基金會",2006,1885,"","",9
"npo1885","財團法人台灣早產兒基金會",2007,1885,"","",9
"npo1885","財團法人台灣早產兒基金會",2008,1885,"","",9
"npo1885","財團法人台灣早產兒基金會",2009,1885,"","",9
"npo1885","財團法人台灣早產兒基金會",2010,1885,"","",9
"npo1885","財團法人台灣早產兒基金會",2011,1885,"","",9
"npo1885","財團法人台灣早產兒基金會",2012,1885,"","",9
"npo1885","財團法人台灣早產兒基金會",2013,1885,"","",9
"npo1885","財團法人台灣早產兒基金會",2014,1885,"","",9
"npo1893","中華民國保護動物協會",2006,1893,"","",9
"npo1893","中華民國保護動物協會",2007,1893,"","",9
"npo1893","中華民國保護動物協會",2008,1893,"","",9
"npo1893","中華民國保護動物協會",2009,1893,"","",9
"npo1893","中華民國保護動物協會",2010,1893,"","",9
"npo1893","中華民國保護動物協會",2011,1893,"","",9
"npo1893","中華民國保護動物協會",2012,1893,"","",9
"npo1893","中華民國保護動物協會",2013,1893,"","",9
"npo1893","中華民國保護動物協會",2014,1893,"","",9
"npo1919","中華民國更生少年關懷協會",2013,1919,"","",2
"npo1919","中華民國更生少年關懷協會",2014,1919,"","",2
"npo1928","財團法人臺北市華書慈善基金會",2012,1928,"","",3
"npo1928","財團法人臺北市華書慈善基金會",2013,1928,"","",3
"npo1928","財團法人臺北市華書慈善基金會",2014,1928,"","",3
"npo1956","廣青文教基金會",2006,1956,"","",9
"npo1956","廣青文教基金會",2007,1956,"","",9
"npo1956","廣青文教基金會",2008,1956,"","",9
"npo1956","廣青文教基金會",2009,1956,"","",9
"npo1956","廣青文教基金會",2010,1956,"","",9
"npo1956","廣青文教基金會",2011,1956,"","",9
"npo1956","廣青文教基金會",2012,1956,"","",9
"npo1956","廣青文教基金會",2013,1956,"","",9
"npo1956","廣青文教基金會",2014,1956,"","",9
"npo1960","台灣陽光婦女協會",2014,1960,"","",1
"npo1970","財團法人林業生社會福利慈善事業基金會",2011,1970,"","",4
"npo1970","財團法人林業生社會福利慈善事業基金會",2012,1970,"","",4
"npo1970","財團法人林業生社會福利慈善事業基金會",2013,1970,"","",4
"npo1970","財團法人林業生社會福利慈善事業基金會",2014,1970,"","",4
"npo1988","新竹市天主教仁愛社會福利基金會",2010,1988,"","",5
"npo1988","新竹市天主教仁愛社會福利基金會",2011,1988,"","",5
"npo1988","新竹市天主教仁愛社會福利基金會",2012,1988,"","",5
"npo1988","新竹市天主教仁愛社會福利基金會",2013,1988,"","",5
"npo1988","新竹市天主教仁愛社會福利基金會",2014,1988,"","",5
"npo1999","財團法人勵馨社會福利事業基金會",2006,1999,"","",9
"npo1999","財團法人勵馨社會福利事業基金會",2007,1999,"","",9
"npo1999","財團法人勵馨社會福利事業基金會",2008,1999,"","",9
"npo1999","財團法人勵馨社會福利事業基金會",2009,1999,"","",9
"npo1999","財團法人勵馨社會福利事業基金會",2010,1999,"","",9
"npo1999","財團法人勵馨社會福利事業基金會",2011,1999,"","",9
"npo1999","財團法人勵馨社會福利事業基金會",2012,1999,"","",9
"npo1999","財團法人勵馨社會福利事業基金會",2013,1999,"","",9
"npo1999","財團法人勵馨社會福利事業基金會",2014,1999,"","",9
"npo2007","愛家文化事業基金會",2011,2007,"","",4
"npo2007","愛家文化事業基金會",2012,2007,"","",4
"npo2007","愛家文化事業基金會",2013,2007,"","",4
"npo2007","愛家文化事業基金會",2014,2007,"","",4
"npo2020","台中市私立康善社會福利慈善事業基金會",2008,2020,"","",7
"npo2020","台中市私立康善社會福利慈善事業基金會",2009,2020,"","",7
"npo2020","台中市私立康善社會福利慈善事業基金會",2010,2020,"","",7
"npo2020","台中市私立康善社會福利慈善事業基金會",2011,2020,"","",7
"npo2020","台中市私立康善社會福利慈善事業基金會",2012,2020,"","",7
"npo2020","台中市私立康善社會福利慈善事業基金會",2013,2020,"","",7
"npo2020","台中市私立康善社會福利慈善事業基金會",2014,2020,"","",7
"npo2035","財團法人台灣肯納自閉症基金會",2013,2035,"","",2
"npo2035","財團法人台灣肯納自閉症基金會",2014,2035,"","",2
"npo2036","財團法人台北市基督教勵友中心",2006,2036,"","",9
"npo2036","財團法人台北市基督教勵友中心",2007,2036,"","",9
"npo2036","財團法人台北市基督教勵友中心",2008,2036,"","",9
"npo2036","財團法人台北市基督教勵友中心",2009,2036,"","",9
"npo2036","財團法人台北市基督教勵友中心",2010,2036,"","",9
"npo2036","財團法人台北市基督教勵友中心",2011,2036,"","",9
"npo2036","財團法人台北市基督教勵友中心",2012,2036,"","",9
"npo2036","財團法人台北市基督教勵友中心",2013,2036,"","",9
"npo2036","財團法人台北市基督教勵友中心",2014,2036,"","",9
"npo2051","財團法人桃園市私立菩提之家",2009,2051,"","",6
"npo2051","財團法人桃園市私立菩提之家",2010,2051,"","",6
"npo2051","財團法人桃園市私立菩提之家",2011,2051,"","",6
"npo2051","財團法人桃園市私立菩提之家",2012,2051,"","",6
"npo2051","財團法人桃園市私立菩提之家",2013,2051,"","",6
"npo2051","財團法人桃園市私立菩提之家",2014,2051,"","",6
"npo2055","台灣防暴聯盟",2009,2055,"","",6
"npo2055","台灣防暴聯盟",2010,2055,"","",6
"npo2055","台灣防暴聯盟",2011,2055,"","",6
"npo2055","台灣防暴聯盟",2012,2055,"","",6
"npo2055","台灣防暴聯盟",2013,2055,"","",6
"npo2055","台灣防暴聯盟",2014,2055,"","",6
"npo2071","財團法人桃園市真善美社會福利基金會",2011,2071,"","",4
"npo2071","財團法人桃園市真善美社會福利基金會",2012,2071,"","",4
"npo2071","財團法人桃園市真善美社會福利基金會",2013,2071,"","",4
"npo2071","財團法人桃園市真善美社會福利基金會",2014,2071,"","",4
"npo2084","桃園縣愛與祥和公益聯盟總會",2014,2084,"","",1
"npo2139","恩物社會服務推廣協會",2010,2139,"","",5
"npo2139","恩物社會服務推廣協會",2011,2139,"","",5
"npo2139","恩物社會服務推廣協會",2012,2139,"","",5
"npo2139","恩物社會服務推廣協會",2013,2139,"","",5
"npo2139","恩物社會服務推廣協會",2014,2139,"","",5
"npo2195","中華民國智障者家長總會",2006,2195,"","",9
"npo2195","中華民國智障者家長總會",2007,2195,"","",9
"npo2195","中華民國智障者家長總會",2008,2195,"","",9
"npo2195","中華民國智障者家長總會",2009,2195,"","",9
"npo2195","中華民國智障者家長總會",2010,2195,"","",9
"npo2195","中華民國智障者家長總會",2011,2195,"","",9
"npo2195","中華民國智障者家長總會",2012,2195,"","",9
"npo2195","中華民國智障者家長總會",2013,2195,"","",9
"npo2195","中華民國智障者家長總會",2014,2195,"","",9
"npo2197","社團法人台灣環境資訊協會",2007,2197,"","",8
"npo2197","社團法人台灣環境資訊協會",2008,2197,"","",8
"npo2197","社團法人台灣環境資訊協會",2009,2197,"","",8
"npo2197","社團法人台灣環境資訊協會",2010,2197,"","",8
"npo2197","社團法人台灣環境資訊協會",2011,2197,"","",8
"npo2197","社團法人台灣環境資訊協會",2012,2197,"","",8
"npo2197","社團法人台灣環境資訊協會",2013,2197,"","",8
"npo2197","社團法人台灣環境資訊協會",2014,2197,"","",8
"npo2211","財團法人天主教會台中教區附設台中市私立慈愛智能發展中心",2009,2211,"","",6
"npo2211","財團法人天主教會台中教區附設台中市私立慈愛智能發展中心",2010,2211,"","",6
"npo2211","財團法人天主教會台中教區附設台中市私立慈愛智能發展中心",2011,2211,"","",6
"npo2211","財團法人天主教會台中教區附設台中市私立慈愛智能發展中心",2012,2211,"","",6
"npo2211","財團法人天主教會台中教區附設台中市私立慈愛智能發展中心",2013,2211,"","",6
"npo2211","財團法人天主教會台中教區附設台中市私立慈愛智能發展中心",2014,2211,"","",6
"npo2214","惠光導盲犬教育基金會",2011,2214,"","",4
"npo2214","惠光導盲犬教育基金會",2012,2214,"","",4
"npo2214","惠光導盲犬教育基金會",2013,2214,"","",4
"npo2214","惠光導盲犬教育基金會",2014,2214,"","",4
"npo2270","財團法人陽光社會福利基金會",2006,2270,"","",9
"npo2270","財團法人陽光社會福利基金會",2007,2270,"","",9
"npo2270","財團法人陽光社會福利基金會",2008,2270,"","",9
"npo2270","財團法人陽光社會福利基金會",2009,2270,"","",9
"npo2270","財團法人陽光社會福利基金會",2010,2270,"","",9
"npo2270","財團法人陽光社會福利基金會",2011,2270,"","",9
"npo2270","財團法人陽光社會福利基金會",2012,2270,"","",9
"npo2270","財團法人陽光社會福利基金會",2013,2270,"","",9
"npo2270","財團法人陽光社會福利基金會",2014,2270,"","",9
"npo2279","財團法人瑪利亞社會福利基金會",2009,2279,"","",6
"npo2279","財團法人瑪利亞社會福利基金會",2010,2279,"","",6
"npo2279","財團法人瑪利亞社會福利基金會",2011,2279,"","",6
"npo2279","財團法人瑪利亞社會福利基金會",2012,2279,"","",6
"npo2279","財團法人瑪利亞社會福利基金會",2013,2279,"","",6
"npo2279","財團法人瑪利亞社會福利基金會",2014,2279,"","",6
"npo2292","財團法人台灣醫療改革基金會",2006,2292,"","",9
"npo2292","財團法人台灣醫療改革基金會",2007,2292,"","",9
"npo2292","財團法人台灣醫療改革基金會",2008,2292,"","",9
"npo2292","財團法人台灣醫療改革基金會",2009,2292,"","",9
"npo2292","財團法人台灣醫療改革基金會",2010,2292,"","",9
"npo2292","財團法人台灣醫療改革基金會",2011,2292,"","",9
"npo2292","財團法人台灣醫療改革基金會",2012,2292,"","",9
"npo2292","財團法人台灣醫療改革基金會",2013,2292,"","",9
"npo2292","財團法人台灣醫療改革基金會",2014,2292,"","",9
"npo2293","台中市私立甘霖社會福利慈善事業基金會",2008,2293,"","",7
"npo2293","台中市私立甘霖社會福利慈善事業基金會",2009,2293,"","",7
"npo2293","台中市私立甘霖社會福利慈善事業基金會",2010,2293,"","",7
"npo2293","台中市私立甘霖社會福利慈善事業基金會",2011,2293,"","",7
"npo2293","台中市私立甘霖社會福利慈善事業基金會",2012,2293,"","",7
"npo2293","台中市私立甘霖社會福利慈善事業基金會",2013,2293,"","",7
"npo2293","台中市私立甘霖社會福利慈善事業基金會",2014,2293,"","",7
"npo2297","花蓮縣谷若思全人關懷協會",2013,2297,"","",2
"npo2297","花蓮縣谷若思全人關懷協會",2014,2297,"","",2
"npo2303","社團法人台灣露德協會",2006,2303,"","",9
"npo2303","社團法人台灣露德協會",2007,2303,"","",9
"npo2303","社團法人台灣露德協會",2008,2303,"","",9
"npo2303","社團法人台灣露德協會",2009,2303,"","",9
"npo2303","社團法人台灣露德協會",2010,2303,"","",9
"npo2303","社團法人台灣露德協會",2011,2303,"","",9
"npo2303","社團法人台灣露德協會",2012,2303,"","",9
"npo2303","社團法人台灣露德協會",2013,2303,"","",9
"npo2303","社團法人台灣露德協會",2014,2303,"","",9
"npo2306","高雄市身心障礙團體聯合總會",2013,2306,"","",2
"npo2306","高雄市身心障礙團體聯合總會",2014,2306,"","",2
"npo2308","台北市自閉症家長協會",2012,2308,"","",3
"npo2308","台北市自閉症家長協會",2013,2308,"","",3
"npo2308","台北市自閉症家長協會",2014,2308,"","",3
"npo2335","兒童燙傷基金會",2006,2335,"","",9
"npo2335","兒童燙傷基金會",2007,2335,"","",9
"npo2335","兒童燙傷基金會",2008,2335,"","",9
"npo2335","兒童燙傷基金會",2009,2335,"","",9
"npo2335","兒童燙傷基金會",2010,2335,"","",9
"npo2335","兒童燙傷基金會",2011,2335,"","",9
"npo2335","兒童燙傷基金會",2012,2335,"","",9
"npo2335","兒童燙傷基金會",2013,2335,"","",9
"npo2335","兒童燙傷基金會",2014,2335,"","",9
"npo2350","財團法人台北市脊髓損傷社會福利基金會",2012,2350,"","",3
"npo2350","財團法人台北市脊髓損傷社會福利基金會",2013,2350,"","",3
"npo2350","財團法人台北市脊髓損傷社會福利基金會",2014,2350,"","",3
"npo2360","財團法人慈懷社會福利基金會",2006,2360,"","",9
"npo2360","財團法人慈懷社會福利基金會",2007,2360,"","",9
"npo2360","財團法人慈懷社會福利基金會",2008,2360,"","",9
"npo2360","財團法人慈懷社會福利基金會",2009,2360,"","",9
"npo2360","財團法人慈懷社會福利基金會",2010,2360,"","",9
"npo2360","財團法人慈懷社會福利基金會",2011,2360,"","",9
"npo2360","財團法人慈懷社會福利基金會",2012,2360,"","",9
"npo2360","財團法人慈懷社會福利基金會",2013,2360,"","",9
"npo2360","財團法人慈懷社會福利基金會",2014,2360,"","",9
"npo2380","社團法人國際生命線台灣總會",2013,2380,"","",2
"npo2380","社團法人國際生命線台灣總會",2014,2380,"","",2
"npo2385","財團法人育田社會福利慈善基金會",2014,2385,"","",1
"npo2390","社團法人桃園市助人專業促進協會",2013,2390,"","",2
"npo2390","社團法人桃園市助人專業促進協會",2014,2390,"","",2
"npo2403","財團法人台灣省私立台灣盲人重建院",2012,2403,"","",3
"npo2403","財團法人台灣省私立台灣盲人重建院",2013,2403,"","",3
"npo2403","財團法人台灣省私立台灣盲人重建院",2014,2403,"","",3
"npo2423","天主教中華聖母社會福利慈善事業基金會",2011,2423,"","",4
"npo2423","天主教中華聖母社會福利慈善事業基金會",2012,2423,"","",4
"npo2423","天主教中華聖母社會福利慈善事業基金會",2013,2423,"","",4
"npo2423","天主教中華聖母社會福利慈善事業基金會",2014,2423,"","",4
"npo2428","財團法人介惠社會福利慈善基金會",2010,2428,"","",5
"npo2428","財團法人介惠社會福利慈善基金會",2011,2428,"","",5
"npo2428","財團法人介惠社會福利慈善基金會",2012,2428,"","",5
"npo2428","財團法人介惠社會福利慈善基金會",2013,2428,"","",5
"npo2428","財團法人介惠社會福利慈善基金會",2014,2428,"","",5
"npo2445","中華救助總會",2006,2445,"","",9
"npo2445","中華救助總會",2007,2445,"","",9
"npo2445","中華救助總會",2008,2445,"","",9
"npo2445","中華救助總會",2009,2445,"","",9
"npo2445","中華救助總會",2010,2445,"","",9
"npo2445","中華救助總會",2011,2445,"","",9
"npo2445","中華救助總會",2012,2445,"","",9
"npo2445","中華救助總會",2013,2445,"","",9
"npo2445","中華救助總會",2014,2445,"","",9
"npo2447","財團法人彰化縣私立秀和慈善事業基金會",2011,2447,"","",4
"npo2447","財團法人彰化縣私立秀和慈善事業基金會",2012,2447,"","",4
"npo2447","財團法人彰化縣私立秀和慈善事業基金會",2013,2447,"","",4
"npo2447","財團法人彰化縣私立秀和慈善事業基金會",2014,2447,"","",4
"npo2448","台灣觸愛協會",2012,2448,"","",3
"npo2448","台灣觸愛協會",2013,2448,"","",3
"npo2448","台灣觸愛協會",2014,2448,"","",3
"npo2455","財團法人博幼社會福利基金會",2013,2455,"","",2
"npo2455","財團法人博幼社會福利基金會",2014,2455,"","",2
"npo2475","社團法人中華育幼機構兒童關懷協會",2006,2475,"","",9
"npo2475","社團法人中華育幼機構兒童關懷協會",2007,2475,"","",9
"npo2475","社團法人中華育幼機構兒童關懷協會",2008,2475,"","",9
"npo2475","社團法人中華育幼機構兒童關懷協會",2009,2475,"","",9
"npo2475","社團法人中華育幼機構兒童關懷協會",2010,2475,"","",9
"npo2475","社團法人中華育幼機構兒童關懷協會",2011,2475,"","",9
"npo2475","社團法人中華育幼機構兒童關懷協會",2012,2475,"","",9
"npo2475","社團法人中華育幼機構兒童關懷協會",2013,2475,"","",9
"npo2475","社團法人中華育幼機構兒童關懷協會",2014,2475,"","",9
"npo2481","財團法人台北市私立愛愛院",2013,2481,"","",2
"npo2481","財團法人台北市私立愛愛院",2014,2481,"","",2
"npo2505","財團法人臺北市志玲姊姊慈善基金會",2012,2505,"","",3
"npo2505","財團法人臺北市志玲姊姊慈善基金會",2013,2505,"","",3
"npo2505","財團法人臺北市志玲姊姊慈善基金會",2014,2505,"","",3
"npo2534","財團法人台灣國際奧比斯防盲救盲基金會",2007,2534,"","",8
"npo2534","財團法人台灣國際奧比斯防盲救盲基金會",2008,2534,"","",8
"npo2534","財團法人台灣國際奧比斯防盲救盲基金會",2009,2534,"","",8
"npo2534","財團法人台灣國際奧比斯防盲救盲基金會",2010,2534,"","",8
"npo2534","財團法人台灣國際奧比斯防盲救盲基金會",2011,2534,"","",8
"npo2534","財團法人台灣國際奧比斯防盲救盲基金會",2012,2534,"","",8
"npo2534","財團法人台灣國際奧比斯防盲救盲基金會",2013,2534,"","",8
"npo2534","財團法人台灣國際奧比斯防盲救盲基金會",2014,2534,"","",8
"npo2543","社團法人中華民國向陽關懷協會",2009,2543,"","",6
"npo2543","社團法人中華民國向陽關懷協會",2010,2543,"","",6
"npo2543","社團法人中華民國向陽關懷協會",2011,2543,"","",6
"npo2543","社團法人中華民國向陽關懷協會",2012,2543,"","",6
"npo2543","社團法人中華民國向陽關懷協會",2013,2543,"","",6
"npo2543","社團法人中華民國向陽關懷協會",2014,2543,"","",6
"npo2562","社團法人南投縣麻煩小天使協會",2009,2562,"","",6
"npo2562","社團法人南投縣麻煩小天使協會",2010,2562,"","",6
"npo2562","社團法人南投縣麻煩小天使協會",2011,2562,"","",6
"npo2562","社團法人南投縣麻煩小天使協會",2012,2562,"","",6
"npo2562","社團法人南投縣麻煩小天使協會",2013,2562,"","",6
"npo2562","社團法人南投縣麻煩小天使協會",2014,2562,"","",6
"npo2566","社團法人台灣之心愛護動物協會",2013,2566,"","",2
"npo2566","社團法人台灣之心愛護動物協會",2014,2566,"","",2
"npo2612","財團法人桃園市私立脊髓損傷潛能發展中心",2006,2612,"","",9
"npo2612","財團法人桃園市私立脊髓損傷潛能發展中心",2007,2612,"","",9
"npo2612","財團法人桃園市私立脊髓損傷潛能發展中心",2008,2612,"","",9
"npo2612","財團法人桃園市私立脊髓損傷潛能發展中心",2009,2612,"","",9
"npo2612","財團法人桃園市私立脊髓損傷潛能發展中心",2010,2612,"","",9
"npo2612","財團法人桃園市私立脊髓損傷潛能發展中心",2011,2612,"","",9
"npo2612","財團法人桃園市私立脊髓損傷潛能發展中心",2012,2612,"","",9
"npo2612","財團法人桃園市私立脊髓損傷潛能發展中心",2013,2612,"","",9
"npo2612","財團法人桃園市私立脊髓損傷潛能發展中心",2014,2612,"","",9
